{"cameraMode":{"drawMode":0,"name":"Shaded","section":"Shading Mode"},"sceneLighting":true,"audioPlay":false,"sceneViewState":{"m_AlwaysRefresh":false,"showFog":true,"showSkybox":true,"showFlares":true,"showImageEffects":true,"showParticleSystems":true,"showVisualEffectGraphs":true,"m_FxEnabled":true},"in2DMode":false,"pivot":{"x":963.8451538085938,"y":1409.365478515625,"z":-50.09502410888672},"rotation":{"x":-0.02730407379567623,"y":-0.012897671200335026,"z":0.00035224834573455155,"w":-0.9995442032814026},"size":1901.9456787109375,"orthographic":false}