{"cameraMode":{"drawMode":0,"name":"Shaded","section":"Shading Mode"},"sceneLighting":false,"audioPlay":false,"sceneViewState":{"m_AlwaysRefresh":false,"showFog":true,"showSkybox":false,"showFlares":true,"showImageEffects":true,"showParticleSystems":true,"showVisualEffectGraphs":true,"m_FxEnabled":true},"in2DMode":false,"pivot":{"x":-11.316072463989258,"y":-3.2111477851867677,"z":33.43849182128906},"rotation":{"x":-0.23570461571216584,"y":0.08210230618715286,"z":-0.019979938864707948,"w":-0.9681577682495117},"size":1.9689356088638306,"orthographic":false}