{"cameraMode":{"drawMode":0,"name":"Shaded","section":"Shading Mode"},"sceneLighting":false,"audioPlay":false,"sceneViewState":{"m_AlwaysRefresh":false,"showFog":true,"showSkybox":false,"showFlares":true,"showImageEffects":true,"showParticleSystems":true,"showVisualEffectGraphs":true,"m_FxEnabled":true},"in2DMode":false,"pivot":{"x":-7.2264533042907719,"y":-4.3435258865356449,"z":19.741573333740236},"rotation":{"x":-0.3123854100704193,"y":-0.057805921882390979,"z":0.01905153878033161,"w":-0.9480152726173401},"size":13.453499794006348,"orthographic":false}