{"cameraMode":{"drawMode":0,"name":"Shaded","section":"Shading Mode"},"sceneLighting":true,"audioPlay":false,"sceneViewState":{"m_AlwaysRefresh":false,"showFog":true,"showSkybox":true,"showFlares":true,"showImageEffects":true,"showParticleSystems":true,"showVisualEffectGraphs":true,"m_FxEnabled":true},"in2DMode":false,"pivot":{"x":822.7157592773438,"y":1648.7813720703125,"z":-52.87727355957031},"rotation":{"x":-0.03330378234386444,"y":-0.0029543049167841675,"z":0.0000070697292358090639,"w":-0.9994696974754334},"size":421.5080871582031,"orthographic":false}